<?xml version="1.0" encoding="UTF-8"?>
<GenRun Id="clk_5_10_synth_1" LaunchPart="xc7s15ftgb196-1" LaunchTime="1596193755">
  <File Type="PA-TCL" Name="clk_5_10.tcl"/>
  <File Type="RDS-PROPCONSTRS" Name="clk_5_10_drc_synth.rpt"/>
  <File Type="REPORTS-TCL" Name="clk_5_10_reports.tcl"/>
  <File Type="RDS-RDS" Name="clk_5_10.vds"/>
  <File Type="RDS-UTIL" Name="clk_5_10_utilization_synth.rpt"/>
  <File Type="RDS-UTIL-PB" Name="clk_5_10_utilization_synth.pb"/>
  <File Type="RDS-DCP" Name="clk_5_10.dcp"/>
  <File Type="VDS-TIMINGSUMMARY" Name="clk_5_10_timing_summary_synth.rpt"/>
  <File Type="VDS-TIMING-PB" Name="clk_5_10_timing_summary_synth.pb"/>
  <FileSet Name="sources" Type="BlockSrcs" RelSrcDir="$PSRCDIR/clk_5_10">
    <File Path="$PSRCDIR/sources_1/ip/clk_5_10_1/clk_5_10.xci">
      <FileInfo>
        <Attr Name="UsedIn" Val="synthesis"/>
        <Attr Name="UsedIn" Val="implementation"/>
        <Attr Name="UsedIn" Val="simulation"/>
      </FileInfo>
    </File>
    <Config>
      <Option Name="TopModule" Val="clk_5_10"/>
      <Option Name="UseBlackboxStub" Val="1"/>
    </Config>
  </FileSet>
  <FileSet Name="constrs_in" Type="BlockSrcs" RelSrcDir="$PSRCDIR/clk_5_10">
    <File Path="$PSRCDIR/sources_1/ip/clk_5_10_1/clk_5_10.xci">
      <FileInfo>
        <Attr Name="UsedIn" Val="synthesis"/>
        <Attr Name="UsedIn" Val="implementation"/>
        <Attr Name="UsedIn" Val="simulation"/>
      </FileInfo>
    </File>
    <Config>
      <Option Name="TopModule" Val="clk_5_10"/>
      <Option Name="UseBlackboxStub" Val="1"/>
    </Config>
  </FileSet>
  <FileSet Name="utils" Type="Utils" RelSrcDir="$PSRCDIR/utils_1">
    <Filter Type="Utils"/>
    <Config>
      <Option Name="TopAutoSet" Val="TRUE"/>
    </Config>
  </FileSet>
  <Strategy Version="1" Minor="2">
    <StratHandle Name="Vivado Synthesis Defaults" Flow="Vivado Synthesis 2018">
      <Desc>Vivado Synthesis Defaults</Desc>
    </StratHandle>
    <Step Id="synth_design"/>
  </Strategy>
</GenRun>
