<?xml version="1.0" encoding="UTF-8"?>
<GenRun Id="Rom_Squ_synth_1" LaunchPart="xc7s15ftgb196-1" LaunchTime="1596210722">
  <File Type="PA-TCL" Name="Rom_Squ.tcl"/>
  <File Type="RDS-PROPCONSTRS" Name="Rom_Squ_drc_synth.rpt"/>
  <File Type="REPORTS-TCL" Name="Rom_Squ_reports.tcl"/>
  <File Type="RDS-RDS" Name="Rom_Squ.vds"/>
  <File Type="RDS-UTIL" Name="Rom_Squ_utilization_synth.rpt"/>
  <File Type="RDS-UTIL-PB" Name="Rom_Squ_utilization_synth.pb"/>
  <File Type="RDS-DCP" Name="Rom_Squ.dcp"/>
  <File Type="VDS-TIMINGSUMMARY" Name="Rom_Squ_timing_summary_synth.rpt"/>
  <File Type="VDS-TIMING-PB" Name="Rom_Squ_timing_summary_synth.pb"/>
  <FileSet Name="sources" Type="BlockSrcs" RelSrcDir="$PSRCDIR/Rom_Squ">
    <File Path="$PSRCDIR/sources_1/ip/Rom_Squ/Rom_Squ.xci">
      <FileInfo>
        <Attr Name="UsedIn" Val="synthesis"/>
        <Attr Name="UsedIn" Val="implementation"/>
        <Attr Name="UsedIn" Val="simulation"/>
      </FileInfo>
    </File>
    <Config>
      <Option Name="TopModule" Val="Rom_Squ"/>
      <Option Name="UseBlackboxStub" Val="1"/>
    </Config>
  </FileSet>
  <FileSet Name="constrs_in" Type="BlockSrcs" RelSrcDir="$PSRCDIR/Rom_Squ">
    <File Path="$PSRCDIR/sources_1/ip/Rom_Squ/Rom_Squ.xci">
      <FileInfo>
        <Attr Name="UsedIn" Val="synthesis"/>
        <Attr Name="UsedIn" Val="implementation"/>
        <Attr Name="UsedIn" Val="simulation"/>
      </FileInfo>
    </File>
    <Config>
      <Option Name="TopModule" Val="Rom_Squ"/>
      <Option Name="UseBlackboxStub" Val="1"/>
    </Config>
  </FileSet>
  <FileSet Name="utils" Type="Utils" RelSrcDir="$PSRCDIR/utils_1">
    <Filter Type="Utils"/>
    <Config>
      <Option Name="TopAutoSet" Val="TRUE"/>
    </Config>
  </FileSet>
  <Strategy Version="1" Minor="2">
    <StratHandle Name="Vivado Synthesis Defaults" Flow="Vivado Synthesis 2018"/>
    <Step Id="synth_design"/>
  </Strategy>
</GenRun>
