<?xml version="1.0" encoding="UTF-8"?>
<GenRun Id="Wave_Ram_synth_1" LaunchPart="xc7s15ftgb196-1" LaunchTime="1596191908">
  <File Type="PA-TCL" Name="Wave_Ram.tcl"/>
  <File Type="RDS-PROPCONSTRS" Name="Wave_Ram_drc_synth.rpt"/>
  <File Type="REPORTS-TCL" Name="Wave_Ram_reports.tcl"/>
  <File Type="RDS-RDS" Name="Wave_Ram.vds"/>
  <File Type="RDS-UTIL" Name="Wave_Ram_utilization_synth.rpt"/>
  <File Type="RDS-UTIL-PB" Name="Wave_Ram_utilization_synth.pb"/>
  <File Type="RDS-DCP" Name="Wave_Ram.dcp"/>
  <File Type="VDS-TIMINGSUMMARY" Name="Wave_Ram_timing_summary_synth.rpt"/>
  <File Type="VDS-TIMING-PB" Name="Wave_Ram_timing_summary_synth.pb"/>
  <FileSet Name="sources" Type="BlockSrcs" RelSrcDir="$PSRCDIR/Wave_Ram">
    <File Path="$PSRCDIR/sources_1/ip/Wave_Ram/Wave_Ram.xci">
      <FileInfo>
        <Attr Name="UsedIn" Val="synthesis"/>
        <Attr Name="UsedIn" Val="implementation"/>
        <Attr Name="UsedIn" Val="simulation"/>
      </FileInfo>
    </File>
    <Config>
      <Option Name="TopModule" Val="Wave_Ram"/>
      <Option Name="UseBlackboxStub" Val="1"/>
    </Config>
  </FileSet>
  <FileSet Name="constrs_in" Type="BlockSrcs" RelSrcDir="$PSRCDIR/Wave_Ram">
    <File Path="$PSRCDIR/sources_1/ip/Wave_Ram/Wave_Ram.xci">
      <FileInfo>
        <Attr Name="UsedIn" Val="synthesis"/>
        <Attr Name="UsedIn" Val="implementation"/>
        <Attr Name="UsedIn" Val="simulation"/>
      </FileInfo>
    </File>
    <Config>
      <Option Name="TopModule" Val="Wave_Ram"/>
      <Option Name="UseBlackboxStub" Val="1"/>
    </Config>
  </FileSet>
  <FileSet Name="utils" Type="Utils" RelSrcDir="$PSRCDIR/utils_1">
    <Filter Type="Utils"/>
    <Config>
      <Option Name="TopAutoSet" Val="TRUE"/>
    </Config>
  </FileSet>
  <Strategy Version="1" Minor="2">
    <StratHandle Name="Vivado Synthesis Defaults" Flow="Vivado Synthesis 2018">
      <Desc>Vivado Synthesis Defaults</Desc>
    </StratHandle>
    <Step Id="synth_design"/>
  </Strategy>
</GenRun>
