<?xml version="1.0" encoding="UTF-8"?>
<GenRun Id="Rom_Tri_synth_1" LaunchPart="xc7s15ftgb196-1" LaunchTime="1596079928">
  <File Type="PA-TCL" Name="Rom_Tri.tcl"/>
  <File Type="REPORTS-TCL" Name="Rom_Tri_reports.tcl"/>
  <File Type="RDS-RDS" Name="Rom_Tri.vds"/>
  <File Type="RDS-UTIL" Name="Rom_Tri_utilization_synth.rpt"/>
  <File Type="RDS-UTIL-PB" Name="Rom_Tri_utilization_synth.pb"/>
  <File Type="RDS-DCP" Name="Rom_Tri.dcp"/>
  <FileSet Name="sources" Type="BlockSrcs" RelSrcDir="$PSRCDIR/Rom_Tri">
    <File Path="$PSRCDIR/sources_1/ip/Rom_Tri/Rom_Tri.xci">
      <FileInfo>
        <Attr Name="UsedIn" Val="synthesis"/>
        <Attr Name="UsedIn" Val="implementation"/>
        <Attr Name="UsedIn" Val="simulation"/>
      </FileInfo>
    </File>
    <Config>
      <Option Name="TopModule" Val="Rom_Tri"/>
      <Option Name="UseBlackboxStub" Val="1"/>
    </Config>
  </FileSet>
  <FileSet Name="constrs_in" Type="BlockSrcs" RelSrcDir="$PSRCDIR/Rom_Tri">
    <File Path="$PSRCDIR/sources_1/ip/Rom_Tri/Rom_Tri.xci">
      <FileInfo>
        <Attr Name="UsedIn" Val="synthesis"/>
        <Attr Name="UsedIn" Val="implementation"/>
        <Attr Name="UsedIn" Val="simulation"/>
      </FileInfo>
    </File>
    <Config>
      <Option Name="TopModule" Val="Rom_Tri"/>
      <Option Name="UseBlackboxStub" Val="1"/>
    </Config>
  </FileSet>
  <FileSet Name="utils" Type="Utils" RelSrcDir="$PSRCDIR/utils_1">
    <Filter Type="Utils"/>
    <Config>
      <Option Name="TopAutoSet" Val="TRUE"/>
    </Config>
  </FileSet>
  <Strategy Version="1" Minor="2">
    <StratHandle Name="Vivado Synthesis Defaults" Flow="Vivado Synthesis 2018"/>
    <Step Id="synth_design"/>
  </Strategy>
</GenRun>
