<?xml version="1.0"?>
<Runs Version="1" Minor="0">
	<Run Id="Rom_Squ_synth_1" LaunchDir="F:/vivoda/Lab_9/Lab_9.runs/Rom_Squ_synth_1" FlowId="Vivado_Synthesis" FromStepId="vivado" ToStepId="vivado"/>
	<Run Id="Rom_Sin_synth_1" LaunchDir="F:/vivoda/Lab_9/Lab_9.runs/Rom_Sin_synth_1" FlowId="Vivado_Synthesis" FromStepId="vivado" ToStepId="vivado"/>
	<Run Id="synth_1" LaunchDir="F:/vivoda/Lab_9/Lab_9.runs/synth_1" FlowId="Vivado_Synthesis" FromStepId="vivado" ToStepId="vivado">
		<Parent Id="Rom_Squ_synth_1"/>
		<Parent Id="Rom_Sin_synth_1"/>
	</Run>
	<Parameters>
		<Parameter Name="runs.monitorLSFJobs" Val="true" Type="bool"/>
	</Parameters>
</Runs>

